Canvas,Robot Origin X,Robot Origin Y,Robot Origin Z,Canvas Origin X,Canvas Origin Y,Canvas Origin Z,Canvas Bounds X,Canvas Bounds Y,Canvas Bounds Z,bWrapping,OffsetYProj,OffsetZProj,OffsetXWrap,OffsetYWrap,WrapScale,SplineScale,maxIterationsCCD,maxIterationsPINV,maxRandomCCD,maxRandomPINV,NumOutOfRange,NumExceedIterations ,success Count,TargetError,JointConstraints,bCCD,bPINV,Pen Size,Speed,OrigWidth,OrigHeight,Color Amount, Total Frames,Start Time,Stop Time, Output Path,Different pixels,difference percentage absolute,difference percentage Absolute Drawn,differCount Weighted,differPCT Weighted ,differPCT Weighted Drawn,TimeStamp,,,,,,,,,
Head,,,,,,,,,,TRUE,-90,-3,0.101386,0.911513,0.001,0.202742,500,500,,,,,,0.05,,TRUE,FALSE,4,125,500,452,6,11080,,92.332848,F:/RobotArm/RobotArm/Content/\step1-2\ResultOutputRT.png,,,,,,,,,,,,,,,,
Head,,,,,,,,,,FALSE,-112.488953,61.643066,0.1,0.89,0.001,0.509201,500,500,,,,,,0.05,,TRUE,FALSE,4,125,500,452,6,17479,,145.644836,highresshot 500x452 filename=F:/RobotArm/RobotArm/Content/\step1-2\Result\Output.png ,,,,,,,,,,,,,,,,
,,,,,,,,,,,,,,,,,,,,,,,,,,,,,,,,,,,,,,,,,,,,,,,,,,,,
Head,,,,,,,,,,TRUE,-90,-3,0.112642,0.89,0.001,0.453481,500,500,,,,,,0.05,,TRUE,FALSE,4,125,500,452,6,16682,,139.004791,F:/RobotArm/RobotArm/Content/\step1-2\Result\OutputRT.png,,,,,,,,,,,,,,,,
,,,,,,,,,,,,,,,,,,,,,,,,,,,,,,,,,,,,,,,,,,,,,,,,,,,,
Head,,,,,,,,,,FALSE,-90,95.412842,0.1,0.89,0.001,0.75,500,500,,,0,0,,0.05,,TRUE,FALSE,4,125,500,452,6,11856,,98.797935,highresshot 500x452 filename=F:/RobotArm/RobotArm/Content/\step1-2\Result\Output.png ,,,,,,,,,,,,,,,,
Head,,,,,,,,,,FALSE,-106.860718,56.014893,0.1,0.89,0.001,0.592781,500,500,,,8835,1,,0.05,,TRUE,FALSE,4,125,500,452,6,11,,0.008333,highresshot 500x452 filename=F:/RobotArm/RobotArm/Content/\step1-2\Result\Output.png ,,,,,,,,,,,,,,,,
Head,,,,,,,,,,FALSE,-118.117188,44.758301,0.1,0.89,0.001,0.369901,500,500,,,6026,1,,0.05,,TRUE,FALSE,4,125,500,452,6,11,,0.008333,highresshot 500x452 filename=F:/RobotArm/RobotArm/Content/\step1-2\Result\Output.png ,,,,,,,,,,,,,,,,
Head,,,,,,,,,,FALSE,-112.488953,84.15625,0.1,0.89,0.001,0.75,500,500,,,2597,371,,0.05,,TRUE,FALSE,4,125,500,452,6,18976,,0.008333,highresshot 500x452 filename=F:/RobotArm/RobotArm/Content/\step1-2\Result\Output.png ,,,,,,,,,,,,,,,,
Head,,,,,,,,,,TRUE,-90,-3,0.095757,0.89,0.001,0.509201,500,500,,,0,186,,0.05,,TRUE,FALSE,4,125,500,452,6,15362,,0.008333,F:/RobotArm/RobotArm/Content/\step1-2\Result\OutputRT.png,,,,,,,,,,,,,,,,
Head,,,,,,,,,,FALSE,-118.117188,39.130005,0.1,0.89,0.001,0.75,500,500,,,0,104,,0.05,,TRUE,FALSE,4,125,500,452,6,21828,,0.008333,highresshot 500x452 filename=F:/RobotArm/RobotArm/Content/\step1-2\Result\Output.png ,,,,,,,,,,,,,,,,
Head,,,,,,,,,,FALSE,-115.512878,43.750244,0.1,0.89,0.001,0.395293,500,500,,,0,8,,0.05,,TRUE,FALSE,4,125,500,452,6,12738,,0.008333,highresshot 500x452 filename=F:/RobotArm/RobotArm/Content/\step1-2\UnrealOutput\OutputProj0.png,,,,,,,,,,,,,,,,
Head,,,,,,,,,,FALSE,-115.512878,49.684326,0.1,0.89,0.001,0.483414,500,500,,,0,45,,0.05,,TRUE,FALSE,4,125,500,452,6,14941,,0.008333,highresshot 500x452 filename=F:/RobotArm/RobotArm/Content/\step1-2\UnrealOutput\OutputProj1.png,,,,,,,,,,,,,,,,
Head,,,,,,,,,,TRUE,-90,-3,0.101386,0.900257,0.001,0.397761,500,500,,,0,141,,0.05,,TRUE,FALSE,4,125,500,452,6,12637,,0.008333,F:/RobotArm/RobotArm/Content/\step1-2\UnrealOutput\OutputWrap0.png,,,,,,,,,,,,,,,,
Head,,,,,,,,,,TRUE,-90,-3,0.095757,0.900257,0.001,0.342041,500,500,,,0,86,,0.05,,TRUE,FALSE,4,125,500,452,6,11222,,0.008333,F:/RobotArm/RobotArm/Content/\step1-2\UnrealOutput\OutputWrap1.png,,,,,,,,,,,,,,,,
Head,,,,,,,,,,TRUE,-90,-3,0.1,0.911513,0.001,0.230602,500,500,,,0,143,,0.05,,TRUE,FALSE,4,125,500,452,6,8333,,0.008333,F:/RobotArm/RobotArm/Content/\step1-2\UnrealOutput\OutputWrap2.png,,,,,,,,,,,,,,,,
Head,,,,,,,,,,FALSE,-112.488953,67.271362,0.1,0.89,0.001,0.230602,500,500,,,0,13,,0.05,,TRUE,FALSE,4,125,500,452,6,8479,,70.663139,highresshot 500x452 filename=F:/RobotArm/RobotArm/Content/\step1-2\UnrealOutput\OutputProj5.png,48803,21.59424779,,,,,,,,,,,,,,
,,,,,,,,,,,,,,,,,,,,,,,,,,,,,,,,,,,,,,,,,,,,,,,,,,,,
Head,,,,,,,,,,TRUE,-90,-3,0.112642,0.92277,0.001,0.174882,500,500,,,0,43,,0.05,,TRUE,FALSE,4,125,500,452,6,6977,,58.146847,F:/RobotArm/RobotArm/Content/\step1-2\UnrealOutput\OutputWrap5.png,141351,62.54469027,,,,,,,,,,,,,,
,,,,,,,,,,,,,,,,,,,,,,,,,,,,,,,,,,,,,,,,,,,,,,,,,,,,
Head,,,,,,,,,,TRUE,-90,-3,0.123899,0.92277,0.001,0.1,500,500,,,0,34,,0.05,,TRUE,FALSE,4,125,500,452,6,5226,,43.552063,F:/RobotArm/RobotArm/Content/\step1-2\UnrealOutput\OutputWrap7.png,54329,24.03938053,,,,,,,,,,,,,,
Head,,,,,,,,,,FALSE,-106.860718,72.899658,0.1,0.89,0.001,0.147022,500,500,,,0,7,,0.05,,TRUE,FALSE,4,125,500,452,6,6291,,52.428959,F:/RobotArm/RobotArm/Content/\step1-2\UnrealOutput\OutputProj7.png,48708,21.55221239,,,,,,,,,,,,,,
Head,,,,,,,,,,FALSE,-101.232422,61.643066,0.1,0.89,0.001,0.1,500,500,,,0,19,,0.05,,TRUE,FALSE,4,125,500,452,6,5251,,43.760441,F:/RobotArm/RobotArm/Content/\step1-2\UnrealOutput\OutputProj8.png,109246,48.33893805,,,,,,,,,,,,,,
Head,,,,,,,,,,FALSE,-101.232422,56.014893,0.1,0.89,0.001,0.1,500,500,,,0,2,,0.05,,TRUE,FALSE,4,125,500,452,6,5266,,43.885468,F:/RobotArm/RobotArm/Content/\step1-2\UnrealOutput\OutputProj9.png,107794,47.69646018,,,,,,,,,,,,,,
Head,,,,,,,,,,FALSE,-106.860718,72.899658,0.1,0.89,0.001,0.1,500,500,,,0,18,,0.05,,TRUE,FALSE,4,125,500,452,6,5262,,43.852127,F:/RobotArm/RobotArm/Content/\step1-2\UnrealOutput\OutputProj10.png,113319,50.14115044,,,,,,,,,,,,,,
Head,,,,,,,,,,FALSE,-101.232422,67.271362,0.1,0.89,0.001,0.1,500,500,,,0,12,,0.05,,TRUE,FALSE,4,125,500,452,6,5262,,43.852127,F:/RobotArm/RobotArm/Content/\step1-2\UnrealOutput\OutputProj11.png,67601,29.9119469,,,,,,,,,,,,,,
Torus,,,,,,,,,,TRUE,-90,-3,0.135155,0.0729,0.001,2.292241,500,500,,,0,1419,,0.05,,TRUE,FALSE,4,125,500,452,6,59905,,499.108521,F:/RobotArm/RobotArm/Content/\step1-2\UnrealOutput\OutputWrap8.png,DIFFCOUNT,DIFFPCT,,,,,,,,,,,,,,
Torus,,,,,,,,,,TRUE,-90,-3,0.168925,0.134811,0.001,1.735041,500,500,,,0,1580,,0.05,,TRUE,FALSE,4,125,500,452,6,45490,,379.012848,F:/RobotArm/RobotArm/Content/\step1-2\UnrealOutput\OutputWrap9.png,134537,59.52964602,,,,,,,,,,,,,,
Torus,,,,,,,,,,FALSE,-135.002075,27.873413,0.1,0.89,0.001,0.75,500,500,,,0,6445,,0.05,,TRUE,FALSE,4,125,500,452,6,15492,,129.090546,F:/RobotArm/RobotArm/Content/\step1-2\UnrealOutput\OutputProj12.png,54629,24.17212389,,,,,,,,,,,,,,
Head,,,,,,,,,,TRUE,-90,-3,0.107014,0.911513,0.001,0.286322,500,500,,,0,42,,0.05,,TRUE,FALSE,4,125,500,452,6,9840,,82.002037,F:/RobotArm/RobotArm/Content/\step1-2\UnrealOutput\OutputWrap10.png,20204,8.939823009,,,,,,,,,,,,,,
Head,,,,,,,,,,TRUE,-90,-3,0.101386,0.917142,0.001,0.230602,500,500,,,0,65,,0.05,,TRUE,FALSE,4,125,500,452,6,8411,,70.096611,F:/RobotArm/RobotArm/Content/\step1-2\UnrealOutput\OutputWrap11.png,24940,11.03539823,,,,,,,,,,,,,,
Head,,,,,,,,,,FALSE,-118.117188,67.271362,0.1,0.89,0.001,0.75,0,0,,,360,0,,0,,FALSE,FALSE,40,125,500,452,5,13631,,113.585991,F:/RobotArm/RobotArm/Content/\step1-2\UnrealOutput\OutputProj14.png,43769,19.36681416,,,,,,,,,,,,,,
Head,,,,,,,,,,FALSE,-118.117188,39.130005,0.1,0.89,0.001,0.592781,0,0,,,0,0,,0,,FALSE,FALSE,40,125,500,452,5,11110,,92.582787,F:/RobotArm/RobotArm/Content/\step1-2\UnrealOutput\OutputProj15.png,60727,26.87035398,,,,,,,,,,,,,,
Head,,,,,,,,,,FALSE,-115.512878,73.420532,0.1,0.89,0.001,0.336546,500,500,,,0,3,,0.05,,FALSE,TRUE,40,125,500,452,5,8103,,67.530571,F:/RobotArm/RobotArm/Content/\step1-2\UnrealOutput\OutputProj16.png,141346,62.54247788,,,,,,,,,,,,,,
Head,,,,,,,,,,FALSE,-118.117188,89.784546,0.1,0.89,0.001,0.369901,500,500,,,0,132,,0.05,,TRUE,FALSE,40,125,500,452,5,10346,,86.217674,F:/RobotArm/RobotArm/Content/\step1-2\UnrealOutput\OutputProj18.png,26596,11.76814159,,,,,,,,,,,,,,
Head,,,,,,,,,,FALSE,-101.232422,95.412842,0.1,0.89,0.001,0.1,500,500,,,0,1,,0.05,,TRUE,FALSE,40,125,500,452,5,4511,,37.592457,F:/RobotArm/RobotArm/Content/\step1-2\UnrealOutput\OutputProj19.png,63773,28.21814159,,,,,,,,,,,,,,
Head,,,,,,,,,,FALSE,-123.745483,95.412842,0.1,0.89,0.001,0.369901,500,500,,,33,166,,0.05,,TRUE,FALSE,40,125,500,452,6,11371,,94.757256,F:/RobotArm/RobotArm/Content/\step1-2\UnrealOutput\OutputProj20.png,18251,8.075663717,,,,,,,,,,,,,,
Head,,,,,,,,,,FALSE,-100.163452,95.989624,0.1,0.89,0.001,0.138406,500,500,,,0,49,,0.05,,TRUE,FALSE,40,125,500,452,6,5855,,48.794849,F:/RobotArm/RobotArm/Content/\step1-2\UnrealOutput\OutputProj21.png,44656,19.75929204,,,,,2023-01-22_15-10,,,,,,,,,
,,,,,,,,,,,,,,,,,,,,,,,,,,,,,,,,,,,,,,,,,,,,,,,,,,,,
Head,,,,,,,,,,FALSE,-105.038147,110.613647,0.1,0.89,0.001,0.1,500,500,,,0,5,2536,0.05,,TRUE,FALSE,40,125,500,452,6,5075,,42.293461,F:/RobotArm/RobotArm/Content/\step1-2\UnrealOutput\OutputProj22.png,61172,27.06725664,,,,,2023-01-22_15-22,,,,,,,,,
Head,,,,,,,,,,FALSE,-158.660339,17.993713,0.1,0.89,0.001,1.369035,500,500,,,965,6164,11069,0.05,,TRUE,FALSE,40,125,500,452,6,29266,,243.845856,F:/RobotArm/RobotArm/Content/\step1-2\UnrealOutput\OutputProj23.png,61896,27.38761062,,,,,2023-01-22_16-23,,,,,,,,,
,,,,,,,,,,,,,,,,,,,,,,,,,,,,,,,,,,,,,,,,,,,,,,,,,,,,
Head,,,,,,,,,,FALSE,-105.038147,91.114746,0.1,0.89,0.001,0.259056,500,500,,,0,80,4318,0.05,,TRUE,FALSE,40,125,500,452,6,8714,,72.620995,F:/RobotArm/RobotArm/Content/\step1-2\UnrealOutput\OutputProj24.png,24980,11.05309735,100,DIFFCOUNTW,DIFFPCTW_ALL,DIFFPCTW_NOWHITE,2023-01-22_17-14,,,,,,,,,
Head,,,,,,,,,,FALSE,-119.662415,91.114746,0.1,0.89,0.001,0.307316,500,500,,,0,60,4979,0.05,,TRUE,FALSE,40,125,500,452,6,10016,,83.468346,F:/RobotArm/RobotArm/Content/\step1-2\UnrealOutput\OutputProj25.png,DIFFCOUNTA,DIFFPCTA_ALL,DIFFPCTA_NOWHITE,DIFFCOUNTW,DIFFPCTW_ALL,DIFFPCTW_NOWHITE,2023-01-22_17-25,,,,,,,,,
Head,,,,,,,,,,FALSE,-114.787659,95.989624,0.1,0.89,0.001,0.234926,500,500,,,0,49,4041,0.05,,TRUE,FALSE,40,125,500,452,6,8130,,67.755516,F:/RobotArm/RobotArm/Content/\step1-2\UnrealOutput\OutputProj26.png,28088,12.42831858,12.42831858,71847.23044,68.20919007,68.20919007,2023-01-22_17-28,,,,,,,,,
Head,,,,,,,,,,TRUE,-90,-3,0.1,0.89,0.001,0.75,500,500,,,0,7129,7588,0.05,,TRUE,FALSE,40,125,500,452,1,22303,,185.835022,F:/RobotArm/RobotArm/Content/\step1-2\UnrealOutput\OutputWrap12.png,DIFFCOUNTA,DIFFPCTA_ALL,DIFFPCTA_NOWHITE,DIFFCOUNTW,DIFFPCTW_ALL,DIFFPCTW_NOWHITE,2023-01-23_12-17,,,,,,,,,
Head,,,,,,,,,,TRUE,-90,-3,0,0,0.01,1.008978,500,500,,,15970,51948,1911,0.05,,TRUE,FALSE,40,250,400,400,1,54093,,450.687012,F:/RobotArm/RobotArm/Content/\step1-2\UnrealOutput\OutputWrap13.png,0,0,0,0,100,100,2023-01-23_17-51,,,,,,,,,
,,,,,,,,,,,,,,,,,,,,,,,,,,,,,,,,,,,,,,,,,,,,,,,,,,,,
Head,,,,,,,,,,FALSE,-114.535278,91.721558,0,0,0.01,0.355812,500,500,20,20,0,207,27211,0.05,,TRUE,FALSE,4,125,500,452,1,27417,,228.441284,F:/RobotArm/RobotArm/Content/\step1-2\UnrealOutput\OutputProj28.png,4353,1.926106195,4.961305691,1536.554386,99.32010868,98.24872134,2023-01-28_18-29,,,,,,,,,
,,,,,,,,,,,,,,,,,,,,,,,,,,,,,,,,,,,,,,,,,,,,,,,,,,,,
Plane,15,-104,0,80,-104,39,0,90,90,FALSE,-193,-53,0,0,0.01,1.8,500,500,20,20,2420,7912,26112,0.05,TRUE,TRUE,FALSE,12,125,200,200,2,34024,,283.486176,F:/RobotArm/RobotArm/Content/\step1-2\UnrealOutput\OutputProj29.png,36411,91.0275,99.81085526,29719.44171,25.70139572,18.53223215,2023-01-31_16-35,,,,,,,,,
,,,,,,,,,,,,,,,,,,,,,,,,,,,,,,,,,,,,,,,,,,,,,,,,,,,,
Plane,15,-104,0,80,-104,39,0,90.000004,90,FALSE,-193,-53,0,0,0.01,1.8,500,500,20,20,2420,2455,31569,0.05,FALSE,TRUE,FALSE,12,125,200,200,2,34024,,283.486176,F:/RobotArm/RobotArm/Content/\step1-2\UnrealOutput\OutputProj30.png,36441,91.1025,99.89309211,29743.43574,25.64141065,18.46645905,2023-01-31_17-17,,,,,,,,,
Sphere,15,-104,0,105.999996,-104,80,50.000005,50.000004,50,TRUE,-193,-53,0,0,0.01,1.00771,500,500,20,20,10073,10738,8652,0.05,FALSE,TRUE,FALSE,12,125,200,200,2,19391,,161.57428,F:/RobotArm/RobotArm/Content/\step1-2\UnrealOutput\OutputWrap14.png,DIFFCOUNTA,DIFFPCTA_ALL,DIFFPCTA_NOWHITE,DIFFCOUNTW,DIFFPCTW_ALL,DIFFPCTW_NOWHITE,2023-01-31_18-35,,,,,,,,,
Sphere,15,-104,0,105.999996,-104,80,50.000005,50.000004,50,TRUE,-193,-53,0,0,0.01,1.00771,500,500,20,20,10073,13122,6268,0.05,TRUE,TRUE,FALSE,12,125,200,200,2,19391,,161.57428,F:/RobotArm/RobotArm/Content/\step1-2\UnrealOutput\OutputWrap15.png,DIFFCOUNTA,DIFFPCTA_ALL,DIFFPCTA_NOWHITE,DIFFCOUNTW,DIFFPCTW_ALL,DIFFPCTW_NOWHITE,2023-01-31_19-36,,,,,,,,,
Torus,15,-104,0,89,-104,55,20.000008,70.000007,70.000006,TRUE,-193,-53,0,0,0.01,1,500,500,20,20,4551,12055,7325,0.05,TRUE,TRUE,FALSE,12,125,200,200,2,19379,,161.474304,F:/RobotArm/RobotArm/Content/\step1-2\UnrealOutput\OutputWrap16.png,37053,92.6325,99.99190415,19821.17755,50.44705612,46.51020738,2023-01-31_20-52,,,,,,,,,
Torus,15,-104,0,89,-104,55,20.000008,70.000007,70.000006,TRUE,-193,-53,0,0,0.01,1,500,500,20,20,4551,5254,14126,0.05,FALSE,TRUE,FALSE,12,125,200,200,2,19379,,161.474304,F:/RobotArm/RobotArm/Content/\step1-2\UnrealOutput\OutputWrap18.png,37192,92.98,100,15030.56578,62.42358556,59.58656223,2023-01-31_22-00,,,,,,,,,
Head,15,-104,0,155.431761,-104,53.345908,80.075397,61.855488,108.22874,FALSE,-145.074951,48.768921,0,0,0.01,0.687742,500,500,20,20,0,674,14247,0.05,FALSE,TRUE,FALSE,12,125,500,452,1,14920,,124.325035,F:/RobotArm/RobotArm/Content/\step1-2\UnrealOutput\OutputProj31.png,DIFFCOUNTA,DIFFPCTA_ALL,DIFFPCTA_NOWHITE,DIFFCOUNTW,DIFFPCTW_ALL,DIFFPCTW_NOWHITE,2023-02-01_01-08,,,,,,,,,
Head,15,-104,0,155.431764,-104,53.345908,80.075389,61.855494,108.22874,FALSE,-132.610046,14.241943,0,0,0.01,2.051716,500,500,20,20,0,2,0,0.05,FALSE,TRUE,FALSE,12,125,400,400,1,1,,0.008333,F:/RobotArm/RobotArm/Content/\step1-2\UnrealOutput\OutputProj32.png,DIFFCOUNTA,DIFFPCTA_ALL,DIFFPCTA_NOWHITE,DIFFCOUNTW,DIFFPCTW_ALL,DIFFPCTW_NOWHITE,2023-02-01_01-38,,,,,,,,,
Head,15,-104,0,155.431764,-104,53.345908,80.075389,61.855494,108.22874,TRUE,-193,-53,0,0,0.01,1,500,500,20,20,3833,3125,1098,0.05,FALSE,TRUE,FALSE,12,125,400,400,1,4223,,35.191944,F:/RobotArm/RobotArm/Content/\step1-2\UnrealOutput\OutputWrap19.png,DIFFCOUNTA,DIFFPCTA_ALL,DIFFPCTA_NOWHITE,DIFFCOUNTW,DIFFPCTW_ALL,DIFFPCTW_NOWHITE,2023-02-01_01-52,,,,,,,,,
Head,15,-104,0,155.431764,-104,53.345908,80.075389,61.855494,108.22874,TRUE,-193,-53,0,0,0.01,1,500,500,20,20,15962,19034,4548,0.05,FALSE,TRUE,FALSE,12,50,400,400,1,23584,,196.507416,F:/RobotArm/RobotArm/Content/\step1-2\UnrealOutput\OutputWrap20.png,DIFFCOUNTA,DIFFPCTA_ALL,DIFFPCTA_NOWHITE,DIFFCOUNTW,DIFFPCTW_ALL,DIFFPCTW_NOWHITE,2023-02-01_13-12,,,,,,,,,
,,,,,,,,,,,,,,,,,,,,,,,,,,,,,,,,,,,,,,,,,,,,,,,,,,,,
Head,15,-104,0,155.431764,-104,53.345908,80.075389,61.855494,108.22874,TRUE,-193,-53,0,0,0.01,1,500,500,20,20,15962,22625,3033,0.05,TRUE,TRUE,FALSE,12,50,400,400,1,25660,,213.803192,F:/RobotArm/RobotArm/Content/\step1-2\UnrealOutput\OutputWrap21.png,DIFFCOUNTA,DIFFPCTA_ALL,DIFFPCTA_NOWHITE,DIFFCOUNTW,DIFFPCTW_ALL,DIFFPCTW_NOWHITE,2023-02-01_14-39,,,,,,,,,
Torus,15,-104,0,89,-104,55,20.000008,70.000008,70.000008,FALSE,-129.342041,65.634888,0,0,0.01,0.558202,500,500,20,20,0,7196,12956,0.05,FALSE,TRUE,FALSE,12,50,500,452,6,33107,,275.846375,F:/RobotArm/RobotArm/Content/\step1-2\UnrealOutput\OutputProj33.png,7344,3.249557522,7.690535531,5133.202137,97.72867162,94.62458151,2023-02-07_10-45,,,,,,,,,
Sphere,15,-104,0,105.9,-103.999996,87,50,50.000006,50.000006,FALSE,-121.963135,72.130127,0,0,0.01,0.396144,500,500,20,20,0,1,449,0.05,FALSE,TRUE,FALSE,12,50,800,800,1,897,,7.474972,F:/RobotArm/RobotArm/Content/\step1-2\UnrealOutput\OutputProj34.png,103782,16.2159375,94.31640554,103376.919,83.84735641,6.051729431,2023-02-07_11-29,,,,,,,,,
Sphere,15,-104,0,105.9,-103.999996,87,50,50.000006,50.000006,FALSE,-140.28125,72.130127,0,0,0.01,0.305469,500,500,20,20,0,1,411,0.05,FALSE,TRUE,FALSE,12,50,800,800,1,821,,6.841648,F:/RobotArm/RobotArm/Content/\step1-2\UnrealOutput\OutputProj35.png,DIFFCOUNTA,DIFFPCTA_ALL,DIFFPCTA_NOWHITE,DIFFCOUNTW,DIFFPCTW_ALL,DIFFPCTW_NOWHITE,2023-02-07_11-32,,,,,,,,,
Sphere,15,-104,0,105.9,-103.999996,87,50,50.000006,50.000006,FALSE,-128.069153,59.918091,0,0,0.01,0.486818,500,500,20,20,0,1,510,0.05,FALSE,TRUE,FALSE,12,50,800,800,1,1019,,8.491623,F:/RobotArm/RobotArm/Content/\step1-2\UnrealOutput\OutputProj36.png,104415,16.31484375,95.58224476,DIFFCOUNTW,DIFFPCTW_ALL,DIFFPCTW_NOWHITE,2023-02-07_11-46,,,,,,,,,
Sphere,15,-104,0,105.9,-103.999996,87,50,50.000006,50.000006,FALSE,-121.963135,66.024048,0,0,0.01,0.396144,500,500,20,20,0,2,0,0.05,FALSE,TRUE,FALSE,24,50,800,800,1,1,,0.008333,F:/RobotArm/RobotArm/Content/\step1-2\UnrealOutput\OutputProj37.png,DIFFCOUNTA,DIFFPCTA_ALL,DIFFPCTA_NOWHITE,DIFFCOUNTW,DIFFPCTW_ALL,DIFFPCTW_NOWHITE,2023-02-07_12-24,,,,,,,,,
Sphere,15,-104,0,105.9,-103.999996,87,50,50.000006,50.000006,FALSE,-121.881287,65.104248,0,0,0.01,0.372143,500,500,20,20,71,1423,8309,0.05,FALSE,TRUE,FALSE,24,50,800,800,1,18111,,150.910217,F:/RobotArm/RobotArm/Content/\step1-2\UnrealOutput\OutputProj38.png,175171,27.37046875,62.05773884,169847.4766,73.46133178,39.82822301,2023-02-07_12-45,,,,,,,,,
Sphere,15,-104,0,105.9,-103.999996,87,50,50.000006,50.000006,FALSE,-126.283142,65.104248,0,0,0.01,0.43751,500,500,20,20,11941,4367,240404,0.05,FALSE,TRUE,FALSE,8,50,1000,1400,8,497115,,4132.077637,F:/RobotArm/RobotArm/Content/\step1-2\UnrealOutput\OutputProj39.png,403530,28.82357143,30.80835573,51895.27489,96.29319465,96.03794491,2023-02-07_19-43,,,,,,,,,
,,,,,,,,,,,,,,,,,,,,,,,,,,,,,,,,,,,,,,,,,,,,,,,,,,,,
Sphere,15,-104,0,105.9,-103.999996,87,50,50.000006,50.000006,FALSE,-104.274048,87.113403,0,0,0.01,0.1,500,500,20,20,0,1271,10356,0.05,FALSE,TRUE,FALSE,8,120,500,452,6,21982,2023-2-8/15:7:51,2023-2-8/15:16:37,F:/RobotArm/RobotArm/Content/\step1-2\UnrealOutput\OutputProj41.png,24765,10.9579646,15.7045652,15996.61198,92.92185311,89.85585158,2023-02-08_15-16,,,,,,,,,
Sphere,15,-104,0,105.9,-103.999996,80,50,50.000006,50.000006,TRUE,-193,-53,0.148727,0.283259,0.01,0.19965,500,500,20,20,107,1629,17531,0.05,TRUE,TRUE,FALSE,8,120,800,800,1,37185,1-1-1/0:0:0,2023-2-10/16:49:22,F:/RobotArm/RobotArm/Content/\step1-2\UnrealOutput\OutputWrap24.png,73389,11.46703125,41.38601913,57764.35522,90.9743195,67.42513578,2023-02-10_16-49,,"Sphere, Grid",,,,,,,
,,,,,,,,,,,,,,,,,,,,,,,,,,,,,,,,,,,,,,,,,,,,,,,,,,,,
Sphere,15,-104,0,105.9,-103.999996,80,50,50.000006,50.000006,TRUE,-193,-53,0.148727,0.283259,0.01,0.19965,500,500,20,20,1236,2042,16312,0.05,TRUE,TRUE,FALSE,8,120,1920,1920,11,40103,1-1-1/0:0:0,2023-2-10/17:43:59,F:/RobotArm/RobotArm/Content/\step1-2\UnrealOutput\OutputWrap25.png,335908,9.112087674,23.56465288,197927.2889,94.63087866,86.11498428,2023-02-10_17-43,,,,,,,,,
Sphere,15,-104,0,105.9,-103.999996,80,50,50.000006,50.000006,TRUE,-193,-53,0.148727,0.283259,0.01,0.19965,500,500,20,20,1236,1923,16431,0.05,TRUE,TRUE,FALSE,8,120,1920,1920,11,40223,1-1-1/0:0:0,2023-2-10/18:50:18,F:/RobotArm/RobotArm/Content/\step1-2\UnrealOutput\OutputWrap26.png,328439,8.909478082,23.05179651,192395.9658,94.78092541,86.4965103,2023-02-10_18-50,,,,,,,,,
Sphere,15,-104,0,105.9,-103.999996,80,50,50.000006,50.000006,TRUE,-193,-53,0.148727,0.283259,0.01,0.19965,500,500,20,20,1236,1937,16417,0.05,TRUE,TRUE,FALSE,8,120,1920,1920,11,40208,2023-2-10/19:52:31,2023-2-10/20:10:43,F:/RobotArm/RobotArm/Content/\step1-2\UnrealOutput\OutputWrap28.png,330350,8.961317274,23.17679612,193458.1653,94.7521114,86.427303,2023-02-10_20-10,,"sphere, color wheel",,,,,,,
,,,,,,,,,,,,,,,,,,,,,,,,,,,,,,,,,,,,,,,,,,,,,,,,,,,,
Sphere,15,-104,0,105.9,-103.999996,80,50,50.000006,50.000006,TRUE,-193,-53,0.143345,0.283259,0.01,0.19965,500,500,20,20,1352,2791,17407,0.05,TRUE,TRUE,FALSE,8,120,1920,1920,12,43534,2023-2-11/13:5:14,2023-2-11/13:25:58,F:/RobotArm/RobotArm/Content/\step1-2\UnrealOutput\OutputWrap29.png,231124,6.269639757,16.17254899,127425.9533,96.54334979,91.08356349,2023-02-11_13-25,,"sphere, color wheel",,,,,,,
,,,,,,,,,,,,,,,,,,,,,,,,,,,,,,,,,,,,,,,,,,,,,,,,,,,,
Plane,15,-104,0,80,-104,39,0,90.000008,90,TRUE,-193,-53,0.66,0.4,0.01,0.200001,500,500,20,20,27,85,20245,0.05,TRUE,TRUE,FALSE,14.4,120,1920,1920,12,46379,2023-2-11/14:13:43,2023-2-11/14:24:27,F:/RobotArm/RobotArm/Content/\step1-2\UnrealOutput\OutputWrap30.png,93976,2.549262153,6.555885759,40037.85469,98.91390368,97.20690813,2023-02-11_14-24,,plane colorwheel,,,,,,,
,,,,,,,,,,,,,,,,,,,,,,,,,,,,,,,,,,,,,,,,,,,,,,,,,,,,
Torus,15,-104,0,80,-104,39,20.000008,70.00001,70.00001,TRUE,-193,-53,0.24,0.16,0.01,0.200001,500,500,20,20,0,1274,20057,0.05,TRUE,TRUE,FALSE,4,120,1920,1920,12,46190,2023-2-11/15:4:58,2023-2-11/15:21:10,F:/RobotArm/RobotArm/Content/\step1-2\UnrealOutput\OutputWrap32.png,91901,2.492974175,6.413247294,39101.73906,98.93929744,97.27131237,2023-02-11_15-21,,Torus Colorwheel wrap,,,,,,,
,,,,,,,,,,,,,,,,,,,,,,,,,,,,,,,,,,,,,,,,,,,,,,,,,,,,
Head,15,-104,0,130.308403,-104,67.532792,57.196707,44.182498,77.306249,TRUE,-193,-53,0.07,0.72,0.01,0.120001,500,500,20,20,0,2731,16008,0.05,TRUE,TRUE,FALSE,16,120,1920,1920,12,40876,2023-2-11/15:49:53,2023-2-11/16:9:58,F:/RobotArm/RobotArm/Content/\step1-2\UnrealOutput\OutputWrap33.png,505260,13.70605469,35.28972976,204036.7377,94.46514926,85.74911663,2023-02-11_16-09,,head colorwheel wrap,,,,,,,
Head,15,-104,0,130.308403,-104,67.532792,57.196707,44.182498,77.306249,TRUE,-193,-53,0.07,0.72,0.01,0.120001,500,500,20,20,28473,15752,123844,0.05,TRUE,TRUE,FALSE,16,120,1000,1400,8,296076,2023-2-12/16:56:11,2023-2-12/18:54:10,F:/RobotArm/RobotArm/Content/\step1-2\UnrealOutput\OutputWrap34.png,701750,50.125,53.74948108,320553.0882,77.10335085,75.44772049,2023-02-12_18-54,,head photo wrap,,,,,,,
,,,,,,,,,,,,,,,,,,,,,,,,,,,,,,,,,,,,,,,,,,,,,,,,,,,,
Sphere,15,-104,0,106,-103.999996,80,50,50.000009,50.000009,TRUE,-193,-53,0.15,0.28,0.01,0.200001,500,500,20,20,889,10819,161288,0.05,TRUE,TRUE,FALSE,8,120,1000,1400,8,337357,2023-2-13/10:39:45,2023-2-13/12:40:19,F:/RobotArm/RobotArm/Content/\step1-2\UnrealOutput\OutputWrap35.png,234040,16.71714286,17.91095948,41801.73162,97.01416203,96.80093522,2023-02-13_12-40,,sphere photo wrap,,,,,,,
Plane,15,-104,0,80,-104,39,0,90.000013,90,TRUE,-193,-53,0.66,0.4,0.01,0.200001,500,500,20,20,25,374,171806,0.05,TRUE,TRUE,FALSE,14.4,120,1000,1400,8,347876,2023-2-13/12:55:36,2023-2-13/14:40:35,F:/RobotArm/RobotArm/Content/\step1-2\UnrealOutput\OutputWrap36.png,175418,12.52985714,13.41565448,23597.34499,98.31447536,98.19531732,2023-02-13_14-55,,plane photo wrap,,,,,,,
,,,,,,,,,,,,,,,,,,,,,,,,,,,,,,,,,,,,,,,,,,,,,,,,,,,,
Torus,15,-104,0,89,-104,55,20.000008,70.000013,70.000014,TRUE,-193,-53,0.24,0.16,0.01,0.200001,500,500,20,20,15432,24273,133158,0.05,TRUE,TRUE,FALSE,4,120,1000,1400,8,309228,2023-2-13/17:51:45,2023-2-13/20:3:2,F:/RobotArm/RobotArm/Content/\step1-2\UnrealOutput\OutputWrap37.png,550733,39.33807143,42.07852557,291772.3133,79.15912048,77.70725788,2023-02-13_20-03,,torus photo wrap,,,,,,,
Torus,15,-104,0,89,-104,55,20.000008,70.000013,70.000014,TRUE,-193,-53,0.24,0.16,0.01,0.200001,500,500,20,20,0,1365,17927,0.05,TRUE,TRUE,FALSE,4,120,800,800,1,37622,2023-2-14/11:39:54,2023-2-14/11:55:3,F:/RobotArm/RobotArm/Content/\step1-2\UnrealOutput\OutputWrap38.png,77555,12.11796875,43.11868968,60749.1752,90.50794138,66.22493929,2023-02-14_11-55,,torus grid wrap,,,,,,,
Sphere,15,-104,0,106,-103.999996,80,50,50.00001,50.00001,TRUE,-193,-53,0.15,0.28,0.01,0.200001,500,500,20,20,108,1867,17334,0.05,TRUE,TRUE,FALSE,8,120,800,800,1,37030,2023-2-14/12:21:2,2023-2-14/12:36:48,F:/RobotArm/RobotArm/Content/\step1-2\UnrealOutput\OutputWrap39.png,73074,11.4178125,41.42047387,57517.4869,91.01289267,67.39741135,2023-02-14_12-36,,sphere grid wrap,,,,,,,
,,,,,,,,,,,,,,,,,,,,,,,,,,,,,,,,,,,,,,,,,,,,,,,,,,,,
Head,15,-104,0,130.308403,-104,67.532793,57.196707,44.1825,77.306252,TRUE,-193,-53,0.07,0.72,0.01,0.120001,500,500,20,20,547,2538,15022,0.05,TRUE,TRUE,FALSE,16,120,800,800,1,33714,2023-2-14/12:47:22,2023-2-14/13:6:36,F:/RobotArm/RobotArm/Content/\step1-2\UnrealOutput\OutputWrap40.png,82805,12.93828125,47.68637162,61834.28834,90.33839245,64.39040091,2023-02-14_13-06,,head grid wrap,,,,,,,
Plane,15,-104,0,80,-104,39,0,90.000021,90,TRUE,-193,-53,0.66,0.4,0.01,0.200001,500,500,20,20,2,74,19132,0.05,TRUE,TRUE,FALSE,14.4,120,800,800,1,38828,2023-2-14/13:10:11,2023-2-14/13:19:23,F:/RobotArm/RobotArm/Content/\step1-2\UnrealOutput\OutputWrap41.png,67232,10.505,38.5699206,53509.71498,91.63910703,69.30233433,2023-02-14_13-19,,plane grid wrap,,,,,,,
,,,,,,,,,,,,,,,,,,,,,,,,,,,,,,,,,,,,,,,,,,,,,,,,,,,,
Sphere,15,-104,0,106,-103.999996,80,50,50.000014,50.000014,FALSE,-124.842529,66.916992,0,0,0.01,0.41511,500,500,20,20,2,1870,384542,0.05,FALSE,TRUE,FALSE,14.4,120,512,512,9,770955,2023-2-24/14:39:37,2023-2-24/18:49:9,F:/RobotArm/RobotArm/Content/\step1-2\UnrealOutput\OutputProj42.png,111866,42.67349243,42.67349243,14871.07238,94.32713608,94.32713608,2023-02-24_18-49,,,,,,,,,
,,,,,,,,,,,,,,,,,,,,,,,,,,,,,,,,,,,,,,,,,,,,,,,,,,,,
Plane,15,-104,0,80,-104,39,0,90.000023,90,FALSE,-129,59,0,0,0.01,0.450001,500,500,20,20,0,372,187655,0.05,FALSE,TRUE,FALSE,14.4,120,1000,1400,8,375681,2023-2-25/16:7:22,2023-2-25/17:58:23,F:/RobotArm/RobotArm/Content/\step1-2\UnrealOutput\OutputProj44.png,217461,15.53292857,16.63389011,20538.78944,98.53294361,98.42895983,2023-02-25_17-58,,,,,,,,,
Sphere,15,-104,0,106,-103.999996,80,50,50.000015,50.000015,FALSE,-122,79,0,0,0.01,0.240001,500,500,20,20,0,2131,174438,0.05,TRUE,TRUE,FALSE,8,120,1000,1400,8,351006,2023-2-25/18:12:22,2023-2-25/19:42:16,F:/RobotArm/RobotArm/Content/\step1-2\UnrealOutput\OutputProj45.png,287354,20.52528571,21.79663683,38487.69999,97.25087857,97.08059599,2023-02-25_19-42,,,,,,,,,
Torus,15,-104,0,89,-104,55,20.000008,70.000021,70.000021,FALSE,-115.5,85.5,0,0,0.01,0.220001,500,500,20,20,0,1909,173627,0.05,TRUE,TRUE,FALSE,4,120,1000,1400,8,349162,2023-2-25/21:8:5,2023-2-25/22:55:49,F:/RobotArm/RobotArm/Content/\step1-2\UnrealOutput\OutputProj46.png,1320211,94.30078571,99.99946978,220096.7598,84.27880287,83.32875633,2023-02-25_22-55,,,,,,,,,
Head,15,-104,0,130.308403,-104,67.532795,57.196707,44.182505,77.306261,FALSE,-124.5,41.5,0,0,0.01,0.380001,500,500,20,20,90,15907,168023,0.05,TRUE,TRUE,FALSE,16,120,1000,1400,8,352042,2023-2-26/10:33:20,2023-2-26/12:47:52,F:/RobotArm/RobotArm/Content/\step1-2\UnrealOutput\OutputProj47.png,289579,20.68421429,22.63220008,39147.83882,97.2037258,96.94037993,2023-02-26_12-47,,,,,,,,,
Plane,15,-104,0,80,-104,39,0,90.000026,90,FALSE,-154,-40,0,0,0.01,1,500,500,20,20,0,251,112589,0.05,FALSE,TRUE,FALSE,24,120,1000,1400,4,225428,2023-3-4/12:15:7,2023-3-4/13:10:0,F:/RobotArm/RobotArm/Content/\step1-2\UnrealOutput\OutputProj48.png,121167,8.654785714,15.05410143,17575.99031,98.74457212,97.81631351,2023-03-04_13-10,,Stand test 1,,84.94589857,,112840,0.222438851,99168,
Plane,15,-104,0,80,-104,39,0,90.000026,90,FALSE,-154,-40,0,0,0.01,1,500,500,20,20,0,251,112589,0.05,FALSE,TRUE,FALSE,24,120,1000,1400,4,225428,2023-3-4/13:18:41,2023-3-4/14:11:56,F:/RobotArm/RobotArm/Content/\step1-2\UnrealOutput\OutputProj49.png,120916,8.636857143,15.01554754,17477.42626,98.75161241,97.82962449,2023-03-04_14-11,,stand test 2 ,,84.98445246,0.03855389,112840,0.222438851,99159,-0.009075508
Plane,15,-104,0,80,-104,39,0,90.000026,90,FALSE,-154,-40,0,0,0.01,1,500,500,20,20,0,251,112589,0.05,FALSE,TRUE,FALSE,24,120,1000,1400,4,225428,2023-3-4/14:28:42,2023-3-4/15:26:59,F:/RobotArm/RobotArm/Content/\step1-2\UnrealOutput\OutputProj50.png,118031,8.430785714,14.65775676,16889.15575,98.79363173,97.90260917,2023-03-04_15-26,,rev color test 1,,85.34224324,0.39634467,112840,0.222438851,99184,0.016134237
,,,,,,,,,,,,,,,,,,,,,,,,,,,,,,,,,,,,,,,,,,,,,,,,,0,#DIV/0!,,
Plane,15,-104,0,80,-104,39,0,90.000026,90,FALSE,-154,-40,0,0,0.01,1,500,500,20,20,0,251,112589,0.05,FALSE,TRUE,FALSE,24,120,1000,1400,4,225428,2023-3-4/17:45:54,2023-3-4/18:40:32,F:/RobotArm/RobotArm/Content/\step1-2\UnrealOutput\OutputProj51.png,114643,8.188785714,14.24325966,16226.58242,98.8409584,97.98400751,2023-03-04_18-40,,rev color test 2,,85.75674034,0.81084177,112840,0.222438851,99157,-0.011092288
,,,,,,,,,,,,,,,,,,,,,,,,,,,,,,,,,,,,,,,,,,,,,,,,,0,#DIV/0!,,
Plane,15,-104,0,80,-104,39,0,90.000026,90,FALSE,-154,-40,0,0,0.01,1,500,500,20,20,0,238,108979,0.05,FALSE,TRUE,FALSE,24,120,1000,1400,4,218195,2023-3-4/19:1:1,2023-3-4/19:53:0,F:/RobotArm/RobotArm/Content/\step1-2\UnrealOutput\OutputProj52.png,120457,8.604071429,14.97880458,17444.77912,98.75394435,97.8307451,2023-03-04_19-53,,downsamp test 1,,85.02119542,0.07529685,109217,0.217914793,98155,-1.021498871
Plane,15,-104,0,80,-104,39,0,90.000026,90,FALSE,-154,-40,0,0,0.01,1,500,500,20,20,0,209,100921,0.05,FALSE,TRUE,FALSE,24,120,1000,1400,4,202050,2023-3-4/20:9:17,2023-3-4/21:0:58,F:/RobotArm/RobotArm/Content/\step1-2\UnrealOutput\OutputProj53.png,120427,8.601928571,14.955027,17436.00626,98.75457098,97.83473852,2023-03-04_21-00,,downsamp test 2,,85.044973,0.09907443,101130,0.206664689,94770,-4.434898354
,,,,,,,,,,,,,,,,,,,,,,,,,,,,,,,,,,,,,,,,,,,,,,,,,0,#DIV/0!,,
Plane,15,-104,0,80,-104,39,0,90.000026,90,FALSE,-154,-40,0,0,0.01,1,500,500,20,20,0,247,74801,0.05,FALSE,TRUE,FALSE,24,120,1000,1400,4,149848,2023-3-4/22:38:40,2023-3-4/23:15:53,F:/RobotArm/RobotArm/Content/\step1-2\UnrealOutput\OutputProj54.png,112806,8.057571429,14.04317299,15344.85911,98.90393863,98.08972474,2023-03-04_23-15,,downsamp test 3,,85.95682701,1.01092844,75048,0.329122695,82069,-17.24245724
,,,,,,,,,,,,,,,,,,,,,,,,,,,,,,,,,,,,,,,,,,,,,,,,,0,#DIV/0!,,
Plane,15,-104,0,80,-104,39,0,90.000026,90,FALSE,-154,-40,0,0,0.01,1,500,500,20,20,0,251,81342,0.05,FALSE,TRUE,FALSE,48,120,1000,1400,4,162934,2023-3-5/11:8:6,2023-3-5/11:45:35,F:/RobotArm/RobotArm/Content/\step1-2\UnrealOutput\OutputProj55.png,150469,10.74778571,18.42801734,29625.68465,97.88387967,96.37172686,2023-03-05_11-45,,double size,,81.57198266,-3.37391591,81593,0.307624429,56373,-43.15404163
Plane,15,-104,0,80,-104,39,0,90.000026,90,FALSE,-154,-40,0,0,0.01,1,500,500,20,20,0,185,99690,0.05,FALSE,TRUE,FALSE,48,120,1000,1400,4,199564,2023-3-5/12:32:38,2023-3-5/13:20:48,F:/RobotArm/RobotArm/Content/\step1-2\UnrealOutput\OutputProj56.png,155958,11.13985714,19.07031627,31241.28705,97.7684795,96.17986109,2023-03-05_13-20,,double size no spotrem,,80.92968373,-4.01621484,99875,0.185231539,71240,-28.16231042
,,,,,,,,,,,,,,,,,,,,,,,,,,,,,,,,,,,,,,,,,,,,,,,,,0,#DIV/0!,,
Plane,15,-104,0,80,-104,39,0,90.000026,90,FALSE,-154,-40,0,0,0.01,1,500,500,20,20,0,185,133046,0.05,FALSE,TRUE,FALSE,24,120,1000,1400,4,266276,2023-3-5/17:21:18,2023-3-5/18:20:37,F:/RobotArm/RobotArm/Content/\step1-2\UnrealOutput\OutputProj57.png,124212,8.872285714,15.41529789,18539.38152,98.67575846,97.69917489,2023-03-05_18-20,,Stand test no spotrem,,84.58470211,-0.36119646,133231,0.138856572,117290,18.27404001
,,,,,,,,,,,,,,,,,,,,,,,,,,,,,,,,,,,,,,,,,,,,,,,,,0,#DIV/0!,,
Plane,15,-104,0,80,-104,39,0,90.000026,90,FALSE,-154,-40,0,0,0.01,1,500,500,20,20,0,242,112520,0.05,FALSE,TRUE,FALSE,24,120,1000,1400,4,225281,2023-3-6/11:27:50,2023-3-6/12:24:7,F:/RobotArm/RobotArm/Content/\step1-2\UnrealOutput\OutputProj58.png,125585,8.970357143,15.59723042,18386.20238,98.68669983,97.71649612,2023-03-06_12-24,,no optimize test,,84.40276958,-0.54312899,112762,0.214611305,99187,0.019159406

Plane,15.000000,-104.000000,0.000000,80.000000,-104.000000,39.000000,0.000000,90.000026,90.000000,False,-149.5,34.5,0.0,0.0,0.01,1.0,500,500,20,20,0,90,26597,0.05,False,True,False,24.0,120.0,500,452,2,53283,2023-3-18/16:10:21,2023-3-18/16:23:26,F:/RobotArm/RobotArm/Content/\step1-2\UnrealOutput\OutputProj59.png,4124,1.824778761061947,3.268839023152955,2775.0130806277325,98.77211810591693,97.800419241582,2023-03-18_16-23
Sphere,15.000000,-104.000000,0.000000,106.000000,-103.999996,80.000000,50.000000,50.000017,50.000017,True,-193.0,-53.0,0.15,0.28,0.01,0.200001,500,500,20,20,866,8199,113928,0.05,True,True,False,8.0,120.0,1000,1400,8,240000,2023-3-27/15:41:32,2023-3-27/17:19:30,F:/RobotArm/RobotArm/Content/\step1-2\UnrealOutput\OutputWrap42.png,220820,15.772857142857145,16.913024530089512,36409.56413396221,97.39931684757413,97.21132211154982,2023-03-27_17-19
Torus,15.000000,-104.000000,0.000000,96.000000,-104.000000,49.000000,20.000008,70.000024,70.000024,True,-193.0,-53.0,-0.02,0.15,0.01,0.55,500,500,20,20,0,394,17535,0.05,True,True,False,7.0,120.0,714,280,3,36598,2023-3-27/21:23:35,2023-3-27/21:33:29,F:/RobotArm/RobotArm/Content/\step1-2\UnrealOutput\OutputWrap43.png,30998,15.505202080832333,37.176335136302036,11567.265029751039,94.21405310636703,86.1272171960626,2023-03-27_21-33
Torus,15.000000,-104.000000,0.000000,96.000000,-104.000000,49.000000,20.000008,70.000024,70.000024,True,-193.0,-53.0,-0.02,0.15,0.01,0.54,500,500,20,20,0,432,17417,0.05,True,True,False,7.0,120.0,714,280,3,36397,2023-3-28/9:38:35,2023-3-28/9:49:59,F:/RobotArm/RobotArm/Content/\step1-2\UnrealOutput\OutputWrap44.png,30628,15.320128051220488,36.65565608693571,11869.815171072689,94.06271750146425,85.79417974643032,2023-03-28_09-49
Head,15.000000,-104.000000,0.000000,100.308403,-104.000000,49.532795,57.196707,44.182506,77.306263,False,-127.5,85.5,0.0,0.0,0.01,0.450001,500,500,20,20,1,372,7199,0.05,True,True,False,7.0,120.0,402,162,1,14770,2023-3-28/10:5:24,2023-3-28/10:10:25,F:/RobotArm/RobotArm/Content/\step1-2\UnrealOutput\OutputProj60.png,3599,5.526380443461703,12.916307780648866,1523.069182019451,97.66127820462586,94.53391766429999,2023-03-28_10-10